id,task,optimal_vuser_lower_bound,optimal_vuser_upper_bound,max_vuser_lower_bound,max_vuser_upper_bound,pred_optimal_vuser,is_hit_optimal_vuser,pred_max_vuser,is_hit_max_vuser
1,data\exportMonitorDataV3\1180387444698644480.xls,32,40,无,无,32.0,1,160.0,0
2,data\exportMonitorDataV3\1180882224931143680.xls,32,40,无,无,32.0,1,220.0,0
3,data\exportMonitorDataV3\1181377005164167168.xls,32,50,无,无,32.0,1,,0
4,data\exportMonitorDataV3\1181871785395617792.xls,32,40,无,无,40.0,1,,0
5,data\exportMonitorDataV3\1182366565629689856.xls,32,40,无,无,40.0,1,160.0,0
6,data\exportMonitorDataV3\1182861345860616192.xls,32,40,无,无,32.0,1,,0
7,data\exportMonitorDataV3\1183356126106222592.xls,32,50,无,无,32.0,1,,0
8,data\exportMonitorDataV3\1183850906340294656.xls,40,50,无,无,40.0,1,,0
9,data\exportMonitorDataV3\1184345686559162368.xls,32,40,无,无,32.0,1,100.0,0
10,data\exportMonitorDataV3\1184840466792185856.xls,32,50,无,无,32.0,1,160.0,0
11,data\exportMonitorDataV3_并发模式加压\1192043161307316224.xls,无,无,无,无,9.0,0,,0
12,data\exportMonitorDataV3_并发模式加压\1232994815495372800.xls,无,无,3276,3298,46.0,0,3286.0,1
13,data\exportMonitorDataV3_并发模式加压\1233613290784423936.xls,无,无,3034,3108,46.0,0,3048.0,1
14,data\exportMonitorDataV3_并发模式加压\1234850241354137600.xls,无,无,3033,3130,56.0,0,3036.0,1
15,data\exportMonitorDataV3_并发模式加压\1235468716642664448.xls,无,无,1500,1666,46.0,0,1512.0,1
16,data\exportMonitorDataV3_并发模式加压\1236087191934861312.xls,无,无,2760,2796,46.0,0,2770.0,1
17,data\exportMonitorDataV3_并发模式加压\1236705667238068224.xls,无,无,190,238,46.0,0,202.0,1
18,data\getPerformanceDataV3\1180387444698644480.xls,32,40,无,无,32.0,1,,0
19,data\getPerformanceDataV3\1180882224931143680.xls,16,40,无,无,40.0,1,,0
20,data\getPerformanceDataV3\1181377005164167168.xls,32,40,无,无,40.0,1,,0
21,data\getPerformanceDataV3\1181871785395617792.xls,32,40,无,无,40.0,1,,0
22,data\getPerformanceDataV3\1182366565629689856.xls,32,40,无,无,40.0,1,,0
23,data\getPerformanceDataV3\1182861345860616192.xls,32,40,无,无,40.0,1,,0
24,data\getPerformanceDataV3\1183356126106222592.xls,32,50,无,无,50.0,1,,0
25,data\getPerformanceDataV3\1183850906340294656.xls,32,50,无,无,50.0,1,,0
26,data\getPerformanceDataV3\1184345686559162368.xls,32,40,无,无,40.0,1,,0
27,data\getPerformanceDataV3\1184840466792185856.xls,32,40,无,无,32.0,1,,0
28,data\getPerformanceDataV3_并发模式加压\1192043161307316224.xls,无,无,无,无,11.0,0,,0
29,data\getPerformanceDataV3_并发模式加压\1232994815495372800.xls,无,无,4860,5099,57.0,0,4440.0,0
30,data\getPerformanceDataV3_并发模式加压\1233613290784423936.xls,无,无,5136,5328,106.0,0,4764.0,0
31,data\getPerformanceDataV3_并发模式加压\1234231766062465024.xls,无,无,4661,4704,57.0,0,4677.0,1
32,data\getPerformanceDataV3_并发模式加压\1234850241354137600.xls,无,无,5046,5200,57.0,0,5088.0,1
33,data\getPerformanceDataV3_并发模式加压\1235468716642664448.xls,无,无,5136,5160,46.0,0,5304.0,0
34,data\getPerformanceDataV3_并发模式加压\1236087191934861312.xls,无,无,5818,5880,78.0,0,5855.0,1
35,data\getPerformanceDataV3_并发模式加压\1236705667238068224.xls,无,无,5004,5088,46.0,0,5016.0,1
36,data\getReportUrlByTaskIdV3\1180387444698644480.xls,32,40,无,无,32.0,1,,0
37,data\getReportUrlByTaskIdV3\1180882224931143680.xls,32,40,无,无,40.0,1,,0
38,data\getReportUrlByTaskIdV3\1181377005164167168.xls,32,40,无,无,40.0,1,,0
39,data\getReportUrlByTaskIdV3\1181871785395617792.xls,32,40,无,无,40.0,1,,0
40,data\getReportUrlByTaskIdV3\1182366565629689856.xls,32,40,无,无,40.0,1,,0
41,data\getReportUrlByTaskIdV3\1182861345860616192.xls,32,50,无,无,32.0,1,,0
42,data\getReportUrlByTaskIdV3\1183356126106222592.xls,32,40,无,无,32.0,1,,0
43,data\getReportUrlByTaskIdV3\1183850906340294656.xls,32,40,无,无,32.0,1,,0
44,data\getReportUrlByTaskIdV3\1184345686559162368.xls,40,50,无,无,40.0,1,,0
45,data\getReportUrlByTaskIdV3\1184840466792185856.xls,40,50,无,无,50.0,1,160.0,0
46,data\getReportUrlByTaskIdV3_并发模式加压\1192043161307316224.xls,无,无,无,无,3.0,0,,0
47,data\getReportUrlByTaskIdV3_并发模式加压\1232994815495372800.xls,无,无,5060,5159,54.0,0,5082.0,1
48,data\getReportUrlByTaskIdV3_并发模式加压\1233613290784423936.xls,无,无,4749,5203,63.0,0,4862.0,1
49,data\getReportUrlByTaskIdV3_并发模式加压\1234231766062465024.xls,无,无,4598,4697,54.0,0,4598.0,1
50,data\getReportUrlByTaskIdV3_并发模式加压\1234850241354137600.xls,无,无,340,540,98.0,0,496.0,1
51,data\getReportUrlByTaskIdV3_并发模式加压\1235468716642664448.xls,无,无,3029,3587,65.0,0,3092.0,1
52,data\getReportUrlByTaskIdV3_并发模式加压\1236087191934861312.xls,无,无,4092,4785,64.0,0,4114.0,1
53,data\getReportUrlByTaskIdV3_并发模式加压\1236705667238068224.xls,无,无,5225,5500,54.0,0,5247.0,1
54,data\getTaskReportDetails_并发模式加压\1195120831790841856.xls,无,无,4376,4510,49.0,0,4383.0,1
55,data\getTaskReportDetails_并发模式加压\1232994815495372800.xls,无,无,1343,1402,46.0,0,1366.0,1
56,data\getTaskReportDetails_并发模式加压\1233613290784423936.xls,无,无,4620,4945,46.0,0,4656.0,1
57,data\getTaskReportDetails_并发模式加压\1234231766062465024.xls,无,无,2544,2796,46.0,0,2554.0,1
58,data\getTaskReportDetails_并发模式加压\1236087191934861312.xls,无,无,3324,3780,46.0,0,3324.0,1
59,data\getTaskReportDetails_并发模式加压\1236705667238068224.xls,无,无,4756,5052,46.0,0,4764.0,1
60,data\getTaskReportOutline\1180387444698644480.xls,32,40,无,无,40.0,1,,0
61,data\getTaskReportOutline\1180882224931143680.xls,32,40,无,无,40.0,1,,0
62,data\getTaskReportOutline\1181377005164167168.xls,32,40,无,无,40.0,1,,0
63,data\getTaskReportOutline\1181871785395617792.xls,32,40,无,无,40.0,1,,0
64,data\getTaskReportOutline\1182366565629689856.xls,32,40,无,无,40.0,1,,0
65,data\getTaskReportOutline\1182861345860616192.xls,32,40,无,无,40.0,1,,0
66,data\getTaskReportOutline\1183356126106222592.xls,32,40,无,无,40.0,1,,0
67,data\getTaskReportOutline\1183850906340294656.xls,32,40,无,无,40.0,1,,0
68,data\getTaskReportOutline\1184345686559162368.xls,32,40,无,无,40.0,1,,0
69,data\getTaskReportOutline\1184840466792185856.xls,32,40,无,无,40.0,1,,0
70,data\getTaskReportOutline_并发模式加压\1192043161307316224.xls,无,无,无,无,9.0,0,,0
71,data\getTaskReportOutline_并发模式加压\1232994815495372800.xls,无,无,4872,5244,57.0,0,4884.0,1
72,data\getTaskReportOutline_并发模式加压\1233613290784423936.xls,无,无,4867,5004,57.0,0,4884.0,1
73,data\getTaskReportOutline_并发模式加压\1234850241354137600.xls,无,无,970,1162,46.0,0,982.0,1
74,data\getTaskReportOutline_并发模式加压\1236705667238068224.xls,无,无,5204,5360,46.0,0,5208.0,1
75,data\getTestcaseDataV3\1180387444698644480.xls,40,50,无,无,50.0,1,,0
76,data\getTestcaseDataV3\1180882224931143680.xls,32,40,无,无,32.0,1,,0
77,data\getTestcaseDataV3\1181377005164167168.xls,32,40,无,无,40.0,1,,0
78,data\getTestcaseDataV3\1181871785395617792.xls,32,40,无,无,40.0,1,,0
79,data\getTestcaseDataV3\1182366565629689856.xls,32,40,无,无,40.0,1,,0
80,data\getTestcaseDataV3\1182861345860616192.xls,32,50,无,无,50.0,1,,0
81,data\getTestcaseDataV3\1183356126106222592.xls,32,40,无,无,32.0,1,,0
82,data\getTestcaseDataV3\1183850906340294656.xls,32,40,无,无,32.0,1,,0
83,data\getTestcaseDataV3\1184345686559162368.xls,32,40,无,无,32.0,1,,0
84,data\getTestcaseDataV3\1184840466792185856.xls,32,40,无,无,32.0,1,,0
85,data\getTestcaseDataV3_并发模式加压\1192043161307316224.xls,无,无,无,无,5.0,0,,0
86,data\getTestcaseDataV3_并发模式加压\1232994815495372800.xls,无,无,5193,5388,57.0,0,5220.0,1
87,data\getTestcaseDataV3_并发模式加压\1233613290784423936.xls,无,无,4932,5046,46.0,0,4956.0,1
88,data\getTestcaseDataV3_并发模式加压\1234231766062465024.xls,无,无,4560,4780,46.0,0,4200.0,0
89,data\getTestcaseDataV3_并发模式加压\1235468716642664448.xls,无,无,5121,5477,46.0,0,5193.0,1
90,data\getTestcaseDataV3_并发模式加压\1236087191934861312.xls,无,无,4800,4860,46.0,0,4812.0,1
91,data\getTestcaseDataV3_并发模式加压\1236705667238068224.xls,无,无,5820,6000,46.0,0,5830.0,1
92,data\progressOfAomData\1234178886438223872.xls,无,无,2074,2106,39.0,0,2082.0,1
93,data\progressOfAomData\1234673666670198784.xls,无,无,1780,1804,39.0,0,1787.0,1
94,data\progressOfAomData\1235168446889590784.xls,无,无,1850,1924,34.0,0,1930.0,0
95,data\progressOfAomData\1235663227135721472.xls,无,无,1728,1746,34.0,0,1732.0,1
96,data\progressOfAomData\1236361485739884544.xls,无,无,1000,1018,45.0,0,1008.0,1
97,data\queryAomAppList\1234178886438223872.xls,无,无,933,2399,40.0,0,966.0,1
98,data\queryAomAppList\1234673666670198784.xls,无,无,1000,2290,40.0,0,3000.0,0
99,data\queryAomAppList\1235168446889590784.xls,无,无,832,2226,39.0,0,844.0,1
100,data\queryAomAppList\1235663227135721472.xls,无,无,1102,1260,34.0,0,,0
101,data\queryAomAppList\1236361485739884544.xls,无,无,1358,1530,66.0,0,1571.0,0
102,data\queryCaseDetailsUsingGET\1234178886438223872.xls,无,无,无,无,25.0,0,,0
103,data\queryCaseDetailsUsingGET\1234673666670198784.xls,无,无,无,无,26.0,0,,0
104,data\queryCaseDetailsUsingGET\1235168446889590784.xls,无,无,无,无,25.0,0,,0
105,data\queryCaseDetailsUsingGET\1235663227135721472.xls,无,无,无,无,25.0,0,943.0,0
106,data\queryCaseDetailsUsingGET\1236361485739884544.xls,无,无,无,无,25.0,0,,0
107,data\queryProjectId\1234178886438223872.xls,无,无,328,346,16.0,0,334.0,1
108,data\queryProjectId\1234673666670198784.xls,无,无,400,412,21.0,0,400.0,1
109,data\queryProjectId\1235168446889590784.xls,无,无,无,无,16.0,0,,0
110,data\queryProjectId\1235663227135721472.xls,无,无,442,448,16.0,0,444.0,1
111,data\queryProjectId\1236361485739884544.xls,无,无,451,1333,24.0,0,1387.0,0
112,data\retrieveTaskDetialV3\1180387444698644480.xls,32,40,无,无,32.0,1,,0
113,data\retrieveTaskDetialV3\1180882224931143680.xls,32,40,无,无,32.0,1,,0
114,data\retrieveTaskDetialV3\1181377005164167168.xls,32,40,无,无,32.0,1,,0
115,data\retrieveTaskDetialV3\1181871785395617792.xls,40,50,无,无,50.0,1,,0
116,data\retrieveTaskDetialV3\1182366565629689856.xls,32,40,无,无,40.0,1,,0
117,data\retrieveTaskDetialV3\1182861345860616192.xls,32,40,无,无,40.0,1,,0
118,data\retrieveTaskDetialV3\1183356126106222592.xls,32,40,无,无,32.0,1,,0
119,data\retrieveTaskDetialV3\1183850906340294656.xls,32,40,无,无,40.0,1,,0
120,data\retrieveTaskDetialV3\1184345686559162368.xls,32,40,无,无,32.0,1,,0
121,data\retrieveTaskDetialV3\1184840466792185856.xls,32,40,无,无,40.0,1,,0
122,data\retrieveTaskDetialV3_并发模式加压\1192043161307316224.xls,无,无,无,无,10.0,0,,0
123,data\retrieveTaskDetialV3_并发模式加压\1232994815495372800.xls,无,无,4284,4344,46.0,0,4296.0,1
124,data\retrieveTaskDetialV3_并发模式加压\1233613290784423936.xls,无,无,4788,4812,46.0,0,4788.0,1
125,data\retrieveTaskDetialV3_并发模式加压\1234850241354137600.xls,无,无,5184,5268,56.0,0,5196.0,1
126,data\retrieveTaskDetialV3_并发模式加压\1235468716642664448.xls,无,无,1612,1731,57.0,0,1620.0,1
127,data\retrieveTaskDetialV3_并发模式加压\1236087191934861312.xls,无,无,4224,4254,46.0,0,4235.0,1
128,data\retrieveTaskDetialV3_并发模式加压\1236705667238068224.xls,无,无,5028,5064,46.0,0,5040.0,1
